feature,vif
Income,10.117288214373872
income_x_education,7.116703934494358
income_per_family,5.8229363168543085
Education,3.7314383901021846
Family,2.4832263943713246
Mortgage,2.4107727188847496
mortgage_to_income,2.403942970307556
CCAvg,1.6891629791915614
CD Account,1.3650155525938699
Securities Account,1.1377377040266268
CreditCard,1.1131266304873042
Online,1.0426593551114225
Experience,1.009459134505098
