metric,accuracy,precision,recall,f1_score,roc_auc,pr_auc,false_negatives_delta,false_positives_delta
improved_minus_baseline,-0.014000000000000012,-0.17869269949066213,0.17708333333333326,-0.0027484143763213398,-0.00023621865781719986,-0.01664620194130695,-17,31
