model,threshold,accuracy,precision,recall,f1_score,roc_auc,pr_auc,tn,fp,fn,tp
Baseline LR,0.5,0.952,0.8157894736842105,0.6458333333333334,0.7209302325581395,0.9643597898230089,0.8283686930489383,890,14,34,62
Improved LR,0.7000000000000004,0.938,0.6370967741935484,0.8229166666666666,0.7181818181818181,0.9641235711651917,0.8117224911076314,859,45,17,79
SMOTE+LR,0.5,0.912,0.5238095238095238,0.9166666666666666,0.6666666666666666,0.9657771017699115,0.8097622392140319,824,80,8,88
