{
  "best_params": {
    "classifier__C": 10,
    "classifier__gamma": "scale",
    "classifier__kernel": "rbf"
  },
  "train_metrics": {
    "accuracy": 0.99975,
    "precision": 0.9974025974025974,
    "recall": 1.0,
    "f1_score": 0.9986996098829649,
    "roc_auc": 1.0
  },
  "test_metrics": {
    "accuracy": 0.983,
    "precision": 0.9247311827956989,
    "recall": 0.8958333333333334,
    "f1_score": 0.91005291005291,
    "roc_auc": 0.9941924778761062
  }
}